2020-12-22 16:45:25	4415d9fc-6206-4e44-b215-953acdfc0fc9	@labels
2020-12-22 16:47:10	8447aec3-e546-4ce9-ac85-f193384b9791	@used
-	8447aec3-e546-4ce9-ac85-f193384b9791	#4415d9fc-6206-4e44-b215-953acdfc0fc9
2020-12-22 16:54:59	44e5852b-c869-4257-8d34-cc34fdef1318	@lyrical
-	44e5852b-c869-4257-8d34-cc34fdef1318	#4415d9fc-6206-4e44-b215-953acdfc0fc9
2020-12-22 16:55:28	a2d92677-9980-4933-a4c1-97a0680ff08e	@meh
-	a2d92677-9980-4933-a4c1-97a0680ff08e	#4415d9fc-6206-4e44-b215-953acdfc0fc9
2020-12-22 22:04:30	69740154-b995-40aa-b75f-25837f7767b2	@bc
-	69740154-b995-40aa-b75f-25837f7767b2	#4415d9fc-6206-4e44-b215-953acdfc0fc9
2020-12-24 15:15:40	95f47d9a-1891-486a-9dda-ef6a71084480	@reedy
-	95f47d9a-1891-486a-9dda-ef6a71084480	#4415d9fc-6206-4e44-b215-953acdfc0fc9
2020-12-24 15:19:16	3f14810b-b7bc-4d5b-a106-630665465f94	@FM
-	3f14810b-b7bc-4d5b-a106-630665465f94	#4415d9fc-6206-4e44-b215-953acdfc0fc9
2020-12-24 15:19:22	a8bcdedb-6cc6-49df-835b-9f9cfcd9be95	@dark
-	a8bcdedb-6cc6-49df-835b-9f9cfcd9be95	#4415d9fc-6206-4e44-b215-953acdfc0fc9
2020-12-26 00:51:57	8a685966-6c36-424a-8a52-b8055e173190	@bright
-	8a685966-6c36-424a-8a52-b8055e173190	#4415d9fc-6206-4e44-b215-953acdfc0fc9
2020-12-26 00:54:51	1d9f3469-5acb-4838-8252-722e19243930	@crunchy
-	1d9f3469-5acb-4838-8252-722e19243930	#4415d9fc-6206-4e44-b215-953acdfc0fc9
2020-12-26 00:54:57	e40e4c1c-8243-49bb-b142-58a231073a4e	@bitcrushed
-	e40e4c1c-8243-49bb-b142-58a231073a4e	#4415d9fc-6206-4e44-b215-953acdfc0fc9
2020-12-26 00:58:16	3eefa2f4-76ce-4c21-b260-6bb579a78d0f	@2oct
-	3eefa2f4-76ce-4c21-b260-6bb579a78d0f	#4415d9fc-6206-4e44-b215-953acdfc0fc9
2020-12-26 01:00:37	226267aa-9d13-442b-a536-d5a21ea49e1d	@buzzy
-	226267aa-9d13-442b-a536-d5a21ea49e1d	#4415d9fc-6206-4e44-b215-953acdfc0fc9
2021-01-03 15:34:31	4f4e4bd7-aa6b-46e4-b488-7a74cac1c65b	@PWM
-	4f4e4bd7-aa6b-46e4-b488-7a74cac1c65b	#4415d9fc-6206-4e44-b215-953acdfc0fc9
2021-01-03 15:38:04	c4b06684-ea35-4f77-9d20-fd263d062356	@squelchy
-	c4b06684-ea35-4f77-9d20-fd263d062356	#4415d9fc-6206-4e44-b215-953acdfc0fc9
2021-01-03 15:39:29	83973cc8-446d-4840-8830-5dccd07c4abe	@dusty
-	83973cc8-446d-4840-8830-5dccd07c4abe	#4415d9fc-6206-4e44-b215-953acdfc0fc9
2021-01-03 15:39:32	6084e267-1314-41e5-8dc2-126e4e4d93cf	@chirp
-	6084e267-1314-41e5-8dc2-126e4e4d93cf	#4415d9fc-6206-4e44-b215-953acdfc0fc9
2021-01-03 15:48:02	aad4fa09-1fff-489d-a6aa-7ec076ec4481	@vibrato
-	aad4fa09-1fff-489d-a6aa-7ec076ec4481	#4415d9fc-6206-4e44-b215-953acdfc0fc9
