2021-11-28 23:41:25	27fac8f1-5a61-4b4c-9e73-dc343367be56	@shapes.sqlar
2021-11-28 23:41:25	bbfca843-73f1-4ae8-96ac-214469d6de55	/shapes
-	bbfca843-73f1-4ae8-96ac-214469d6de55	#27fac8f1-5a61-4b4c-9e73-dc343367be56
2021-11-28 23:41:25	930db774-dcb3-44b6-ad31-0a446b43b80a	/shapes/ah.raw
-	930db774-dcb3-44b6-ad31-0a446b43b80a	#27fac8f1-5a61-4b4c-9e73-dc343367be56
2021-11-28 23:41:25	16eaec7d-24a1-42bf-96ef-b6b5aca0f6c8	/shapes/ee.raw
-	16eaec7d-24a1-42bf-96ef-b6b5aca0f6c8	#27fac8f1-5a61-4b4c-9e73-dc343367be56
2021-11-28 23:41:25	0b1c056d-e293-4ab6-8521-2f6cb9852c7e	/shapes/ee4.raw
-	0b1c056d-e293-4ab6-8521-2f6cb9852c7e	#27fac8f1-5a61-4b4c-9e73-dc343367be56
2021-11-28 23:41:25	ea4b74d0-322b-4d83-9c92-6ddfaee7fd43	/shapes/ee6.raw
-	ea4b74d0-322b-4d83-9c92-6ddfaee7fd43	#27fac8f1-5a61-4b4c-9e73-dc343367be56
2021-11-28 23:41:25	b9bf631e-104d-45aa-9e99-77609149467d	/shapes/eh.raw
-	b9bf631e-104d-45aa-9e99-77609149467d	#27fac8f1-5a61-4b4c-9e73-dc343367be56
2021-11-28 23:41:25	c0c355c0-7f5f-44b2-8eb0-99d82d870856	/shapes/ih.raw
-	c0c355c0-7f5f-44b2-8eb0-99d82d870856	#27fac8f1-5a61-4b4c-9e73-dc343367be56
2021-11-28 23:41:25	31e43d72-8596-46e3-8ef4-d568e935e5d4	/shapes/julia_ah.raw
-	31e43d72-8596-46e3-8ef4-d568e935e5d4	#27fac8f1-5a61-4b4c-9e73-dc343367be56
2021-11-28 23:41:25	cb361535-3dc1-429b-9265-0af85dc790ab	/shapes/julia_ahmute.raw
-	cb361535-3dc1-429b-9265-0af85dc790ab	#27fac8f1-5a61-4b4c-9e73-dc343367be56
2021-11-28 23:41:25	0bc97d55-b03e-4e77-8070-5ef3c6101c26	/shapes/julia_ee.raw
-	0bc97d55-b03e-4e77-8070-5ef3c6101c26	#27fac8f1-5a61-4b4c-9e73-dc343367be56
2021-11-28 23:41:25	70585bf1-04bb-49d1-9a7b-b3eabff8b2eb	/shapes/julia_eh.raw
-	70585bf1-04bb-49d1-9a7b-b3eabff8b2eb	#27fac8f1-5a61-4b4c-9e73-dc343367be56
2021-11-28 23:41:25	cc7064bc-6032-4d4a-893c-5db31b5ea01c	/shapes/julia_ehmute.raw
-	cc7064bc-6032-4d4a-893c-5db31b5ea01c	#27fac8f1-5a61-4b4c-9e73-dc343367be56
2021-11-28 23:41:25	c8474122-1e5a-430a-91b9-2701c53cae98	/shapes/julia_ih.raw
-	c8474122-1e5a-430a-91b9-2701c53cae98	#27fac8f1-5a61-4b4c-9e73-dc343367be56
2021-11-28 23:41:25	035a4dac-a3f7-42ed-8ab5-1e8b51353a0d	/shapes/julia_la.raw
-	035a4dac-a3f7-42ed-8ab5-1e8b51353a0d	#27fac8f1-5a61-4b4c-9e73-dc343367be56
2021-11-28 23:41:25	d15478f8-36a8-49e4-9cd6-a40b509c9923	/shapes/julia_oh.raw
-	d15478f8-36a8-49e4-9cd6-a40b509c9923	#27fac8f1-5a61-4b4c-9e73-dc343367be56
2021-11-28 23:41:25	cc765ed9-93cc-4535-a256-46d167319b18	/shapes/julia_oo.raw
-	cc765ed9-93cc-4535-a256-46d167319b18	#27fac8f1-5a61-4b4c-9e73-dc343367be56
2021-11-28 23:41:25	c2ff5e48-c3bf-4e6a-9ae5-991fac6c8e4c	/shapes/julia_uh.raw
-	c2ff5e48-c3bf-4e6a-9ae5-991fac6c8e4c	#27fac8f1-5a61-4b4c-9e73-dc343367be56
2021-11-28 23:41:25	4f60210d-a086-406a-a012-7f0ec2d4904c	/shapes/julia_uhmute.raw
-	4f60210d-a086-406a-a012-7f0ec2d4904c	#27fac8f1-5a61-4b4c-9e73-dc343367be56
2021-11-28 23:41:25	785cfccd-7ba2-41bd-abbb-9870666ffa6a	/shapes/lowshape1.raw
-	785cfccd-7ba2-41bd-abbb-9870666ffa6a	#27fac8f1-5a61-4b4c-9e73-dc343367be56
2021-11-28 23:41:25	179fad7d-86eb-4812-8bf3-9f49065671da	/shapes/lowshape2.raw
-	179fad7d-86eb-4812-8bf3-9f49065671da	#27fac8f1-5a61-4b4c-9e73-dc343367be56
2021-11-28 23:41:25	ff198131-bd5f-46ed-86a4-cb1cde37d943	/shapes/lowshape3.raw
-	ff198131-bd5f-46ed-86a4-cb1cde37d943	#27fac8f1-5a61-4b4c-9e73-dc343367be56
2021-11-28 23:41:25	edf47e6e-2958-4c56-88b4-db71d9770c32	/shapes/oh.raw
-	edf47e6e-2958-4c56-88b4-db71d9770c32	#27fac8f1-5a61-4b4c-9e73-dc343367be56
2021-11-28 23:41:25	4d60699f-74ca-40ff-840c-5d69cf27f7c8	/shapes/oo.raw
-	4d60699f-74ca-40ff-840c-5d69cf27f7c8	#27fac8f1-5a61-4b4c-9e73-dc343367be56
2021-11-28 23:41:25	80230a4c-5c1b-4dab-8632-6ee8129af08e	/shapes/rr.raw
-	80230a4c-5c1b-4dab-8632-6ee8129af08e	#27fac8f1-5a61-4b4c-9e73-dc343367be56
2021-11-28 23:41:25	e0c42c00-95c1-4d3c-a217-c98b159cadc6	/shapes/uh.raw
-	e0c42c00-95c1-4d3c-a217-c98b159cadc6	#27fac8f1-5a61-4b4c-9e73-dc343367be56
